image_path,volumes
C:\Users\035\Desktop\pj_img\1.jpg,"[0.06623355676805569, 0.11467064070554395, 0.06777803681917996, 0.04769948021649288, 0.16092625483236003]"
